<?xml version="1.0" encoding="UTF-8"?>
<modification>
	<name><![CDATA[<b style="color:#4170bd">Social Login By Muhammad Gifary</b>]]></name>
	<version><![CDATA[<b style="color:#4170bd">2.0</b>]]></version>
	<code>social_login-gifary</code>
	<author>muhammadgifary@gmail.com</author>
	<link>mailto:muhammadgifary@gmail.com/</link>

	<file path="catalog/controller/account/login.php">
		<operation>
			<search><![CDATA[
        $data['header'] = $this->load->controller('common/header');
      ]]></search>
			<add position="after"><![CDATA[
              $data['social_login'] = $this->load->controller('extension/module/social_login');
        ]]></add>
		</operation>
	</file>

	<file path="catalog/view/theme/default/template/account/login.twig">
		<operation>
			<search><![CDATA[
			<h2>{{ text_returning_customer }}</h2>
			]]></search>
			<add position="after"><![CDATA[
			{% if social_login %}
				{{ social_login }}
			{% endif %}
			]]></add>
		</operation>
	</file>
	<file path="catalog/controller/account/register.php">
		<operation>
			<search><![CDATA[
			$data['header'] = $this->load->controller('common/header');
			]]></search>
			<add position="after"><![CDATA[
			$data['social_login'] = $this->load->controller('extension/module/social_login');
			]]></add>
		</operation>

	</file>
	<file path="catalog/view/theme/default/template/account/register.twig">
		<operation>
			<search><![CDATA[
			<h1>{{ heading_title }}</h1>
			]]></search>
			<add position="after"><![CDATA[
			{% if social_login %}
				{{ social_login }}
			{% endif %}
			]]></add>
		</operation>
	</file>
	<file path="catalog/controller/account/logout.php">
		<operation>
			<search><![CDATA[
			unset($this->session->data['vouchers']);
			]]></search>
			<add position="after"><![CDATA[
			unset($this->session->data['facebook_token']);
			unset($this->session->data['google_token']);
			]]></add>
		</operation>
	</file>
</modification>
